,percent,obs,success
AP2,0.965811966,234,226
AP3,0.94017094,234,220
AP4,0.982905983,234,230
AP5,0.905982906,234,212
PLAX,0.97008547,234,227
PSAX-AV,0.876068376,234,205
PSAX-MV,0.876068376,234,205
PSAX-PM,0.948717949,234,222
SC-IVC,0.867521368,234,203
Sub-C4,0.854700855,234,200