,percent,success,obs
LV,1,234,234
GLVF,1,234,234
RVS,0.974358974358974,228,234
RVF,0.974358974358974,228,234
PE,1,234,234
IVCS,0.91025641025641,213,234
LAS,0.982905982905983,230,234
AV,0.974358974358974,228,234
MV,1,234,234
TV,0.931623931623932,218,234
