,percent,success,obs
AV,0.920833333333333,221,240
GLVF,0.9875,237,240
IVCS,0.620833333333333,149,240
LAS,0.970833333333333,233,240
LV,0.991666666666667,238,240
MV,0.975,234,240
PE,0.991666666666667,238,240
RVF,0.933333333333333,224,240
RVS,0.9375,225,240
TV,0.8625,207,240
