,percent,success,obs
AP2,0.708333333333333,240,170
AP3,0.791666666666667,240,190
AP4,0.8625,240,207
AP5,0.7125,240,171
PLAX,0.891666666666667,240,214
PSAX-AV,0.616666666666667,240,148
PSAX-MV,0.733333333333333,240,176
PSAX-PM,0.933333333333333,240,224
SC-IVC,0.554166666666667,240,133
Sub-C4,0.733333333333333,240,176
